OBJECTID,Name,ID,ZONENAME,EDIRANK,AREAHA,TREECOUNT,TREESPERHA,JUVCOUNT,JUVPERHA,MEANDBH,SPECIES,SPECIESPERTREE,PERCHIGH,HIGHHA,PERCMED,MEDHA,NFIHA,NFIPERC,POP,POPPERHA,NFIChange,Shape_Length,Shape_Area
1,Baberton and Juniper Green,2.000000000000000,Baberton and Juniper Green,9,90.620000000000005,174,1.920000000000000,56,0.620000000000000,27,30,0.170000000000000,7.219773072000000,6.542558358000000,18.298764179999999,16.582340100000000,13.840000000000000,15.270000000000000,"3,244",35.799999999999997,-0.134596000000000,"5,778.199559598121600","906,214.806435231590000"
2,Bonaly and The Pentlands,8.000000000000000,Bonaly and The Pentlands,9,142.750000000000000,460,3.220000000000000,33,0.230000000000000,44,42,0.090000000000000,8.677496329000000,12.387126009999999,23.013032310000000,32.851103620000004,16.039999999999999,11.230000000000000,"3,852",26.980000000000000,-0.087447000000000,"7,139.616392184718300","1,427,511.015826534200000"
3,Colinton and Kingsknowe,20.000000000000000,Colinton and Kingsknowe,10,302.180000000000010,"1,170",3.870000000000000,59,0.200000000000000,47,62,0.050000000000000,12.645994500000000,38.213666170000003,19.504214609999998,58.937835710000002,52.000000000000000,17.210000000000001,"4,112",13.609999999999999,0.329671000000000,"13,461.758273277861000","3,021,800.410842273800000"
4,Clovenstone and Wester Hailes,19.000000000000000,Clovenstone and Wester Hailes,5,38.710000000000001,90,2.320000000000000,23,0.590000000000000,18,26,0.290000000000000,2.669820885000000,1.033487665000000,19.584319030000000,7.581089895000000,0.900000000000000,2.330000000000000,"3,223",83.250000000000000,-0.100063000000000,"3,026.518146396991600","387,129.003499822460000"
5,The Calders,95.000000000000000,The Calders,4,72.829999999999998,266,3.650000000000000,72,0.990000000000000,23,36,0.140000000000000,2.130528587000000,1.551663970000000,15.282272559999999,11.130079110000000,1.540000000000000,2.110000000000000,"4,534",62.259999999999998,-0.204639000000000,"5,155.987789415129600","728,288.192775893370000"
6,Murrayburn and Wester Hailes North,71.000000000000000,Murrayburn and Wester Hailes North,6,75.620000000000005,640,8.460000000000001,126,1.670000000000000,22,38,0.060000000000000,4.455017301000000,3.368884083000000,19.333910029999998,14.620302770000000,1.960000000000000,2.590000000000000,"3,694",48.850000000000001,0.000000000000000,"5,542.615791839244600","756,197.043592427740000"
7,Parkhead and Sighthill,81.000000000000000,Parkhead and Sighthill,0,41.829999999999998,148,3.540000000000000,11,0.260000000000000,26,22,0.150000000000000,0.218955271000000,0.091588990000000,4.253988114000000,1.779443228000000,0.000000000000000,0.000000000000000,"3,121",74.620000000000005,-0.522260000000000,"3,930.996938232136500","418,276.442379743210000"
8,Broomhouse and Bankhead,11.000000000000000,Broomhouse and Bankhead,3,127.660000000000000,414,3.240000000000000,92,0.720000000000000,21,38,0.090000000000000,2.611865761000000,3.334307831000000,7.655813024000000,9.773410907000001,4.780000000000000,3.750000000000000,"3,555",27.850000000000001,-1.051645000000000,"6,920.945284727004000","1,310,400.618259766400000"
9,Stenhouse and Saughton Mains,93.000000000000000,Stenhouse and Saughton Mains,5,109.420000000000000,988,9.029999999999999,31,0.280000000000000,39,65,0.070000000000000,1.070830342000000,1.171702560000000,19.813352479999999,21.679770280000000,2.220000000000000,2.030000000000000,"5,770",52.729999999999997,-0.000001000000000,"6,595.858348785225600","1,094,212.481083691400000"
10,Longstone and Saughton,59.000000000000000,Longstone and Saughton,3,89.739999999999995,310,3.450000000000000,18,0.200000000000000,31,29,0.090000000000000,2.408407532000000,2.161304919000000,12.027441250000001,10.793425780000000,2.870000000000000,3.200000000000000,"4,596",51.210000000000001,-0.701239000000000,"6,132.998864374756500","897,436.340250447860000"
11,Slateford and Chesser,90.000000000000000,Slateford and Chesser,5,90.290000000000006,696,7.710000000000000,14,0.160000000000000,44,53,0.080000000000000,2.412344248000000,2.178105622000000,14.640683859999999,13.219073460000001,3.380000000000000,3.740000000000000,"4,817",53.350000000000001,-0.000007000000000,"5,605.458778643727800","902,895.682971259000000"
12,Gorgie West,43.000000000000000,Gorgie West,2,65.900000000000006,259,3.930000000000000,29,0.440000000000000,34,46,0.180000000000000,1.002580901000000,0.660700814000000,11.236847330000000,7.405082390000000,0.390000000000000,0.580000000000000,"4,272",64.819999999999993,0.000000000000000,"5,317.485749541311600","659,030.155955047350000"
13,Gorgie East,42.000000000000000,Gorgie East,8,42.299999999999997,438,10.350000000000000,50,1.180000000000000,36,43,0.100000000000000,5.343038563000000,2.260105312000000,17.980486290000002,7.605745702000000,3.890000000000000,9.199999999999999,"3,563",84.230000000000004,0.000000000000000,"4,820.814918977655000","422,998.203493642390000"
14,Shandon,88.000000000000000,Shandon,5,53.539999999999999,175,3.270000000000000,57,1.060000000000000,32,25,0.140000000000000,1.345407503000000,0.720331177000000,22.457956020000001,12.023989650000001,1.040000000000000,1.940000000000000,"5,042",94.170000000000002,-0.038215000000000,"4,902.680033633864700","506,111.298693962740000"
15,Craiglockhart,29.000000000000000,Craiglockhart,7,193.789999999999990,"1,055",5.440000000000000,54,0.280000000000000,40,52,0.050000000000000,5.592335074000000,10.837386140000000,18.267407429999999,35.400408859999999,15.160000000000000,7.820000000000000,"4,843",24.989999999999998,-0.105113000000000,"10,109.339798869385000","1,967,194.578429993000000"
16,Morningside and Craighouse,67.000000000000000,Morningside and Craighouse,10,99.250000000000000,703,7.080000000000000,56,0.560000000000000,47,48,0.070000000000000,10.448454290000001,10.370090879999999,20.213612840000000,20.062010749999999,16.940000000000001,17.070000000000000,"4,347",43.799999999999997,0.000000000000000,"5,608.561850020993000","987,038.360161493770000"
17,Greenbank and The Braids,49.000000000000000,Greenbank and The Braids,8,136.330000000000010,"1,054",7.730000000000000,138,1.010000000000000,39,43,0.040000000000000,3.296019900000000,4.493463930000000,20.976846540000000,28.597734880000001,13.570000000000000,9.949999999999999,"4,291",31.480000000000000,0.000000000000000,"10,550.665124147556000","1,368,707.081403379100000"
18,Colinton Mains and Firrhill,21.000000000000000,Colinton Mains and Firrhill,2,75.379999999999995,368,4.880000000000000,101,1.340000000000000,26,39,0.110000000000000,0.746722237000000,0.562879222000000,9.924459495000001,7.481057567000000,0.450000000000000,0.590000000000000,"3,938",52.240000000000002,0.008982000000000,"6,045.074674575891500","753,841.151347702720000"
19,Oxgangs,80.000000000000000,Oxgangs,2,39.960000000000001,147,3.680000000000000,20,0.500000000000000,33,26,0.180000000000000,1.080904029000000,0.431929250000000,13.707828370000000,5.477648215000000,0.000000000000000,0.010000000000000,"2,639",66.049999999999997,0.000000000000000,"4,413.346196066814600","399,569.259658183380000"
20,Comiston and Swanston,23.000000000000000,Comiston and Swanston,3,144.919999999999990,483,3.330000000000000,49,0.340000000000000,35,41,0.080000000000000,1.355625847000000,1.964572978000000,12.074107550000001,17.497796659999999,6.480000000000000,4.470000000000000,"5,463",37.700000000000003,0.000000000000000,"8,551.266718375683900","1,449,228.159176123800000"
21,Fairmilehead,39.000000000000000,Fairmilehead,6,168.930000000000010,162,0.960000000000000,13,0.080000000000000,29,25,0.150000000000000,0.835014119000000,1.410589351000000,18.733360229999999,31.646265430000000,16.270000000000000,9.630000000000001,"4,925",29.149999999999999,0.000000000000000,"10,215.831119034046000","1,689,288.648954869900000"
22,Gilmerton South and the Murrays,41.000000000000000,Gilmerton South and the Murrays,6,674.980000000000020,88,0.130000000000000,15,0.020000000000000,32,17,0.190000000000000,2.783373761000000,18.787216220000001,19.222546560000001,129.748344800000010,51.159999999999997,7.580000000000000,"2,797",4.140000000000000,1.762099000000000,"21,867.548201628619000","6,749,777.603848303700000"
23,Mortonhall and Anwickhill,68.000000000000000,Mortonhall and Anwickhill,9,99.409999999999997,"1,014",10.199999999999999,55,0.550000000000000,36,58,0.060000000000000,3.898327407000000,3.875327275000000,23.185829049999999,23.049032660000002,14.760000000000000,14.850000000000000,"2,658",26.739999999999998,-0.000004000000000,"5,670.810080203775200","994,131.662086524770000"
24,"Gracemount, Southhouse and Burdiehouse",44.000000000000000,"Gracemount, Southhouse and Burdiehouse",4,110.800000000000000,532,4.800000000000000,170,1.530000000000000,27,56,0.110000000000000,0.844903988000000,0.936153619000000,11.326440180000001,12.549695720000001,3.770000000000000,3.400000000000000,"5,272",47.579999999999998,-0.414025000000000,"7,121.384547316143700","1,108,047.393592071300000"
25,Hyvots and Gilmerton,51.000000000000000,Hyvots and Gilmerton,7,67.469999999999999,223,3.300000000000000,65,0.960000000000000,26,38,0.170000000000000,4.548981571000000,3.069197866000000,14.471387000000000,9.763844811000000,5.390000000000000,7.980000000000000,"3,593",53.250000000000000,-2.273855000000000,"5,614.891412364570000","674,746.392311142990000"
26,Fernieside and Moredun South,40.000000000000000,Fernieside and Moredun South,3,85.680000000000007,142,1.660000000000000,90,1.050000000000000,23,37,0.260000000000000,1.108647450000000,0.949889135000000,9.801972628000000,8.398330147999999,1.230000000000000,1.430000000000000,"4,120",48.090000000000003,0.003232000000000,"7,519.482637276050800","856,792.041959196450000"
27,Moredun and Craigour,65.000000000000000,Moredun and Craigour,2,46.119999999999997,48,1.040000000000000,10,0.220000000000000,25,18,0.380000000000000,1.035901802000000,0.477757911000000,6.626933447000000,3.056341706000000,0.480000000000000,1.040000000000000,"3,168",68.700000000000003,-1.130012000000000,"4,041.235245214907100","461,166.661843285840000"
28,Liberton East,57.000000000000000,Liberton East,6,82.769999999999996,470,5.680000000000000,46,0.560000000000000,38,32,0.070000000000000,5.443899351000000,4.505915493000000,12.802658650000000,10.596760560000000,6.140000000000000,7.420000000000000,"3,274",39.549999999999997,0.000000000000000,"5,806.216853707331200","827,709.264124938870000"
29,Liberton West and Braid Hills,58.000000000000000,Liberton West and Braid Hills,7,413.740000000000010,605,1.460000000000000,27,0.070000000000000,55,45,0.070000000000000,2.755226384000000,11.399473640000000,19.077687569999998,78.932024560000002,39.000000000000000,9.430000000000000,"3,004",7.260000000000000,-0.669021000000000,"13,926.335029087742000","4,137,365.946506605000000"
30,The Inch,97.000000000000000,The Inch,7,85.450000000000003,605,7.080000000000000,30,0.350000000000000,32,48,0.080000000000000,3.961004068000000,3.384677977000000,17.241114610000000,14.732532429999999,9.730000000000000,11.390000000000001,"4,895",57.280000000000001,0.000000000000000,"6,304.541801300901200","853,302.486789689630000"
31,"Blackford, West Mains and Mayfield Road",6.000000000000000,"Blackford, West Mains and Mayfield Road",5,227.470000000000000,649,2.850000000000000,81,0.360000000000000,32,48,0.070000000000000,1.101460946000000,2.505493213000000,16.841136550000002,38.308533300000001,13.580000000000000,5.970000000000000,"6,240",27.430000000000000,0.537118000000000,"9,508.688486486811600","2,274,725.352900967500000"
32,Prestonfield,85.000000000000000,Prestonfield,5,110.410000000000000,128,1.160000000000000,40,0.360000000000000,25,28,0.220000000000000,1.173472412000000,1.295630890000000,19.652699580000000,21.698545610000000,4.860000000000000,4.400000000000000,"3,474",31.460000000000001,-0.000007000000000,"5,547.837490335799900","1,104,125.401840864700000"
33,Newington and Dalkeith Road,75.000000000000000,Newington and Dalkeith Road,7,70.760000000000005,677,9.570000000000000,6,0.080000000000000,44,46,0.070000000000000,2.717943977000000,1.923217158000000,25.154848850000000,17.799571050000001,6.760000000000000,9.550000000000001,"6,070",85.780000000000001,0.000000000000000,"5,936.742679212052300","707,626.360808343510000"
34,The Grange,96.000000000000000,The Grange,3,103.860000000000000,198,1.910000000000000,9,0.090000000000000,46,27,0.140000000000000,0.416246216000000,0.432313320000000,18.163471240000000,18.864581229999999,0.630000000000000,0.610000000000000,"5,608",54.000000000000000,-0.503009000000000,"9,296.623487460394200","1,038,606.299964192800000"
35,Marchmont East and Sciennes,60.000000000000000,Marchmont East and Sciennes,4,37.180000000000000,243,6.540000000000000,39,1.050000000000000,36,38,0.160000000000000,0.440528634000000,0.163788546000000,21.004405290000001,7.809437885000000,0.500000000000000,1.330000000000000,"5,277",141.940000000000000,0.038246000000000,"3,639.850315527679400","371,775.457319499170000"
36,Morningside,66.000000000000000,Morningside,6,126.880000000000000,509,4.010000000000000,46,0.360000000000000,32,46,0.090000000000000,1.113918828000000,1.413340209000000,23.144757880000000,29.366068790000000,6.250000000000000,4.920000000000000,"5,575",43.939999999999998,0.000000000000000,"7,825.289090860312200","1,268,843.443739898500000"
37,Merchiston and Greenhill,64.000000000000000,Merchiston and Greenhill,5,126.910000000000000,196,1.540000000000000,73,0.580000000000000,37,24,0.120000000000000,1.718443596000000,2.180876767000000,20.987718030000000,26.635512949999999,2.700000000000000,2.120000000000000,"5,018",39.539999999999999,0.000000000000000,"9,073.540590062288200","1,269,109.115526496200000"
38,Bruntsfield,14.000000000000000,Bruntsfield,1,37.950000000000003,37,0.980000000000000,7,0.180000000000000,21,15,0.410000000000000,0.189231034000000,0.071813177000000,14.811629110000000,5.621013246000000,0.000000000000000,0.000000000000000,"5,758",151.740000000000010,0.000000000000000,"4,237.584259604256700","379,466.925122366870000"
39,Polwarth,83.000000000000000,Polwarth,6,22.570000000000000,283,12.539999999999999,3,0.130000000000000,33,24,0.080000000000000,4.691572546000000,1.058887924000000,18.795250509999999,4.242088039000000,1.820000000000000,8.080000000000000,"4,468",197.949999999999990,0.000000000000000,"3,395.708017396872000","225,709.295332530190000"
40,Dalry and Fountainbridge,32.000000000000000,Dalry and Fountainbridge,0,53.259999999999998,168,3.150000000000000,27,0.510000000000000,24,24,0.140000000000000,0.564763659000000,0.300793125000000,7.820748926000000,4.165330878000000,0.130000000000000,0.240000000000000,"6,462",121.319999999999990,0.000000000000000,"4,247.144925644850400","532,627.123441742030000"
41,Tollcross,99.000000000000000,Tollcross,1,63.299999999999997,191,3.020000000000000,49,0.770000000000000,31,32,0.170000000000000,0.610071347000000,0.386175163000000,7.765484438000000,4.915551649000000,1.980000000000000,3.120000000000000,"6,233",98.459999999999994,0.000000000000000,"5,898.513581013735300","633,038.752948178560000"
42,Meadows and Southside,63.000000000000000,Meadows and Southside,6,91.920000000000002,"1,141",12.410000000000000,234,2.550000000000000,37,81,0.070000000000000,1.066780457000000,0.980584596000000,15.667448970000001,14.401519100000000,4.860000000000000,5.290000000000000,"6,556",71.319999999999993,-1.825230000000000,"7,123.205258887332100","919,211.836280972700000"
43,"Old Town, Princes Street and Leith Street",79.000000000000000,"Old Town, Princes Street and Leith Street",5,125.110000000000000,970,7.750000000000000,91,0.730000000000000,28,66,0.070000000000000,2.636259023000000,3.298223664000000,9.582592321000000,11.988781250000001,7.800000000000000,6.240000000000000,"5,651",45.170000000000002,0.000000000000000,"7,540.128299988049500","1,251,112.154047631400000"
44,"Canongate, Southside and Dumbiedykes",15.000000000000000,"Canongate, Southside and Dumbiedykes",4,281.290000000000020,259,0.920000000000000,17,0.060000000000000,23,39,0.150000000000000,3.049191766000000,8.577071520000001,12.110710550000000,34.066217700000003,13.609999999999999,4.840000000000000,"5,915",21.030000000000001,-0.030427000000000,"9,388.356085856301400","2,812,932.487933307900000"
45,Abbeyhill,1.000000000000000,Abbeyhill,7,46.159999999999997,113,2.450000000000000,5,0.110000000000000,39,18,0.160000000000000,7.735902522000000,3.570892604000000,13.247378860000000,6.114990082000000,4.150000000000000,8.990000000000000,"2,507",54.310000000000002,0.000000000000000,"3,933.927912721905200","461,640.767206363790000"
46,Meadowbank and Abbeyhill North,62.000000000000000,Meadowbank and Abbeyhill North,3,63.939999999999998,321,5.020000000000000,21,0.330000000000000,35,32,0.100000000000000,2.309185654000000,1.476493307000000,10.851129050000001,6.938211914000000,1.900000000000000,2.980000000000000,"4,072",63.680000000000000,0.000000000000000,"4,861.448579485007900","639,440.739860005910000"
47,Willowbrae and Duddingston Village,104.000000000000000,Willowbrae and Duddingston Village,9,208.259999999999990,787,3.780000000000000,345,1.660000000000000,22,80,0.100000000000000,4.396191434000000,9.155508279999999,27.436131100000001,57.138486630000003,36.770000000000003,17.649999999999999,"5,407",25.960000000000001,-0.072227000000000,"9,048.310923941857300","2,082,611.487902091400000"
48,Craigmillar,30.000000000000000,Craigmillar,10,487.569999999999990,"1,803",3.700000000000000,336,0.690000000000000,33,66,0.040000000000000,11.454069649999999,55.846607390000003,26.283298660000000,128.149479300000000,66.760000000000005,13.690000000000000,"3,161",6.480000000000000,7.340440000000000,"20,434.339089141391000","4,876,940.044707052400000"
49,Niddrie,76.000000000000000,Niddrie,3,73.250000000000000,412,5.620000000000000,57,0.780000000000000,33,39,0.090000000000000,0.125033491000000,0.091587032000000,16.138251319999998,11.821269089999999,1.230000000000000,1.680000000000000,"4,330",59.119999999999997,0.000000000000000,"5,097.546780230717600","732,464.518333439600000"
50,"Bingham, Magdalene and The Christians",5.000000000000000,"Bingham, Magdalene and The Christians",6,85.799999999999997,392,4.570000000000000,32,0.370000000000000,32,44,0.110000000000000,0.205996796000000,0.176745251000000,27.626459140000001,23.703501950000000,4.340000000000000,5.050000000000000,"3,654",42.590000000000003,0.108630000000000,"6,515.062720309459100","858,012.860903988360000"
51,"Jewel, Brunstane and Newcraighall",53.000000000000000,"Jewel, Brunstane and Newcraighall",4,246.860000000000010,370,1.500000000000000,24,0.100000000000000,30,28,0.080000000000000,0.146351662000000,0.361283713000000,21.189629940000000,52.308720469999997,9.570000000000000,3.880000000000000,"3,270",13.250000000000000,-0.000002000000000,"9,098.096041117023600","2,468,602.161665777700000"
52,Joppa,54.000000000000000,Joppa,3,118.160000000000000,305,2.580000000000000,14,0.120000000000000,34,34,0.110000000000000,0.054440286000000,0.064326642000000,16.509016670000001,19.507054100000001,3.530000000000000,2.980000000000000,"5,136",43.469999999999999,-1.066267000000000,"6,152.259970255272500","1,181,582.089912280000000"
53,Portobello,84.000000000000000,Portobello,1,95.469999999999999,290,3.040000000000000,38,0.400000000000000,28,45,0.160000000000000,0.782805741000000,0.747344641000000,7.079585250000000,6.758880038000000,1.570000000000000,1.640000000000000,"3,926",41.119999999999997,0.000000000000000,"7,707.121770955398500","954,715.298896807130000"
54,Duddingston and Portobello South,35.000000000000000,Duddingston and Portobello South,6,147.530000000000000,"1,410",9.560000000000001,114,0.770000000000000,32,68,0.050000000000000,2.327953175000000,3.434429319000000,15.666016320000001,23.112073870000000,8.539999999999999,5.790000000000000,"3,881",26.309999999999999,-1.863544000000000,"7,080.819254291472100","1,475,278.300924368000000"
55,Mountcastle,69.000000000000000,Mountcastle,3,55.270000000000003,466,8.430000000000000,40,0.720000000000000,27,41,0.090000000000000,1.702731465000000,0.941099681000000,8.300815891999999,4.587860944000000,1.480000000000000,2.680000000000000,"2,549",46.119999999999997,0.000000000000000,"4,339.631374396446500","552,666.142779348880000"
56,Northfield and Piershill,78.000000000000000,Northfield and Piershill,5,43.740000000000002,496,11.340000000000000,35,0.800000000000000,32,49,0.100000000000000,1.946690626000000,0.851482480000000,16.516921230000001,7.224501348000000,1.380000000000000,3.160000000000000,"3,512",80.290000000000006,-0.409587000000000,"5,937.057171339955900","437,417.586568785420000"
57,Craigentinny,27.000000000000000,Craigentinny,1,118.620000000000000,85,0.720000000000000,10,0.080000000000000,26,12,0.140000000000000,1.955922865000000,2.320115702000000,6.369146006000000,7.555080992000000,2.820000000000000,2.380000000000000,"2,855",24.070000000000000,-0.000507000000000,"6,639.463504117605200","1,186,197.953369113400000"
58,Restalrig (Loganlea) and Craigentinny West,86.000000000000000,Restalrig (Loganlea) and Craigentinny West,4,40.710000000000001,399,9.800000000000001,7,0.170000000000000,36,32,0.080000000000000,0.660331776000000,0.268821066000000,24.561120949999999,9.998832340000000,0.020000000000000,0.050000000000000,"3,476",85.390000000000001,-0.000001000000000,"3,879.285485185231200","407,081.049316224530000"
59,Restalrig and Lochend,87.000000000000000,Restalrig and Lochend,1,53.030000000000001,438,8.260000000000000,33,0.620000000000000,31,42,0.100000000000000,0.394380084000000,0.209139758000000,11.301454280000000,5.993161203000000,0.000000000000000,0.000000000000000,"4,420",83.349999999999994,-0.181843000000000,"3,669.761133460248400","530,276.916768638650000"
60,Leith (Hermitage and Prospect Bank),56.000000000000000,Leith (Hermitage and Prospect Bank),1,45.079999999999998,137,3.040000000000000,34,0.750000000000000,23,34,0.250000000000000,0.638328739000000,0.287758596000000,8.777020165000000,3.956680691000000,0.000000000000000,0.000000000000000,"4,698",104.209999999999990,0.000000000000000,"3,594.226551226962800","450,812.897677869010000"
61,Western Harbour and Leith Docks,103.000000000000000,Western Harbour and Leith Docks,0,325.829999999999980,189,0.580000000000000,59,0.180000000000000,22,29,0.150000000000000,0.526972123000000,1.717033268000000,2.065650268000000,6.730508267000000,1.520000000000000,0.470000000000000,"2,837",8.710000000000001,0.000000000000000,"12,957.925101381705000","3,258,265.377788612200000"
62,North Leith and Newhaven,77.000000000000000,North Leith and Newhaven,1,47.920000000000002,352,7.350000000000000,32,0.670000000000000,25,30,0.090000000000000,0.354030501000000,0.169651416000000,13.657407409999999,6.544629630000000,0.140000000000000,0.290000000000000,"5,065",105.700000000000000,-0.073184000000000,"5,216.939019851969500","479,188.700008389020000"
63,The Shore and Constitution Street,98.000000000000000,The Shore and Constitution Street,0,42.000000000000000,59,1.400000000000000,11,0.260000000000000,24,8,0.140000000000000,0.186393290000000,0.078285182000000,3.013358186000000,1.265610438000000,0.000000000000000,0.000000000000000,"4,929",117.360000000000000,0.014655000000000,"4,451.199623829413200","419,999.348417450960000"
64,Great Junction Street,48.000000000000000,Great Junction Street,1,46.299999999999997,268,5.790000000000000,33,0.710000000000000,27,29,0.110000000000000,1.682930279000000,0.779196719000000,8.853061801999999,4.098967614000000,0.190000000000000,0.400000000000000,"5,025",108.520000000000000,-1.571447000000000,"4,154.539980244312600","463,032.920740842990000"
65,South Leith,92.000000000000000,South Leith,2,54.310000000000002,443,8.160000000000000,76,1.400000000000000,28,56,0.130000000000000,0.553683197000000,0.300705344000000,9.749638901999999,5.295028888000000,0.480000000000000,0.890000000000000,"5,260",96.859999999999999,-0.227134000000000,"4,706.620278540033700","543,065.461280990620000"
66,Easter Road and Hawkhill Avenue,38.000000000000000,Easter Road and Hawkhill Avenue,1,30.899999999999999,90,2.910000000000000,3,0.100000000000000,28,22,0.240000000000000,0.339198643000000,0.104812381000000,9.370362519000000,2.895442018000000,0.210000000000000,0.680000000000000,"3,423",110.790000000000010,0.000000000000000,"3,410.531484655488800","308,974.426911209190000"
67,Leith (Albert Street),55.000000000000000,Leith (Albert Street),1,15.190000000000000,66,4.350000000000000,7,0.460000000000000,32,20,0.300000000000000,0.815450644000000,0.123866953000000,14.034334760000000,2.131815451000000,0.000000000000000,0.000000000000000,"3,185",209.690000000000000,-0.000002000000000,"2,034.582518019767600","151,890.928416730540000"
68,Hillside and Calton Hill,50.000000000000000,Hillside and Calton Hill,8,61.450000000000003,442,7.190000000000000,8,0.130000000000000,40,32,0.070000000000000,6.783812567000000,4.168652822000000,18.178913739999999,11.170942490000000,9.060000000000001,14.740000000000000,"5,164",84.030000000000001,-0.000002000000000,"4,782.829323712630900","614,527.673397047210000"
69,Pilrig,82.000000000000000,Pilrig,5,30.160000000000000,442,14.650000000000000,26,0.860000000000000,27,41,0.090000000000000,5.559160718000000,1.676642873000000,13.021847290000000,3.927389141000000,0.000000000000000,0.000000000000000,"3,243",107.520000000000000,0.000000000000000,"4,379.533918790776600","301,630.733762794760000"
70,Bonnington,9.000000000000000,Bonnington,5,40.820000000000000,238,5.830000000000000,14,0.340000000000000,25,34,0.140000000000000,3.606347171000000,1.472110915000000,14.537586149999999,5.934242667000000,2.170000000000000,5.310000000000000,"3,414",83.640000000000001,0.000000000000000,"4,391.983393033668100","408,173.085021312810000"
71,Trinity East and The Dudleys,101.000000000000000,Trinity East and The Dudleys,8,61.170000000000002,674,11.020000000000000,83,1.360000000000000,34,54,0.080000000000000,5.724374064000000,3.501599615000000,18.810186179999999,11.506190880000000,4.430000000000000,7.240000000000000,"3,701",60.509999999999998,-0.564948000000000,"5,737.598118229494500","611,653.028416687510000"
72,Trinity,100.000000000000000,Trinity,6,94.409999999999997,206,2.180000000000000,18,0.190000000000000,27,34,0.170000000000000,4.059399070000000,3.832478662000000,18.208313090000001,17.190468389999999,3.990000000000000,4.230000000000000,"4,461",47.250000000000000,0.000000000000000,"5,761.480358281349300","944,066.872339419090000"
73,"Inverleith, Goldenacre and Warriston",52.000000000000000,"Inverleith, Goldenacre and Warriston",9,177.639999999999990,"1,511",8.510000000000000,155,0.870000000000000,42,81,0.050000000000000,7.388183324000000,13.124368860000001,20.677342169999999,36.731230629999999,27.680000000000000,15.580000000000000,"3,687",20.760000000000002,-0.186196000000000,"8,178.764463960253100","1,776,434.433303734100000"
74,Broughton North and Powderhall,12.000000000000000,Broughton North and Powderhall,5,52.090000000000003,264,5.070000000000000,14,0.270000000000000,33,29,0.110000000000000,5.016932146000000,2.613319955000000,17.534177849999999,9.133553242000000,1.460000000000000,2.810000000000000,"3,726",71.530000000000001,-0.000002000000000,"4,408.268533197871000","520,872.409140840060000"
75,Broughton South,13.000000000000000,Broughton South,2,37.210000000000001,177,4.760000000000000,50,1.340000000000000,34,32,0.180000000000000,0.967628431000000,0.360054539000000,11.576354680000000,4.307561576000000,0.000000000000000,0.000000000000000,"4,210",113.140000000000000,0.000000000000000,"4,486.241882660903700","372,112.405860619270000"
76,New Town East and Gayfield,73.000000000000000,New Town East and Gayfield,1,30.300000000000001,135,4.460000000000000,47,1.550000000000000,25,25,0.190000000000000,0.280293230000000,0.084928849000000,10.198361360000000,3.090103493000000,0.000000000000000,0.000000000000000,"3,031",100.040000000000010,-0.030627000000000,"3,667.252651732474100","302,965.444861859320000"
77,New Town West,74.000000000000000,New Town West,9,51.070000000000000,21,0.410000000000000,0,0.000000000000000,50,6,0.290000000000000,8.655569782000001,4.420399488000000,19.859154929999999,10.142070420000000,8.910000000000000,17.449999999999999,"3,569",69.879999999999995,0.000000000000000,"5,681.826967283816900","510,700.041223001200000"
78,Canonmills and New Town North,16.000000000000000,Canonmills and New Town North,4,26.469999999999999,318,12.010000000000000,24,0.910000000000000,25,33,0.100000000000000,2.548243444000000,0.674520040000000,15.611083620000000,4.132253835000000,0.700000000000000,2.640000000000000,"3,212",121.349999999999990,0.000000000000000,"3,110.605770466798300","264,699.570835864000000"
79,Stockbridge,94.000000000000000,Stockbridge,7,61.979999999999997,175,2.820000000000000,27,0.440000000000000,34,40,0.230000000000000,4.169305468000000,2.584135529000000,20.878192949999999,12.940303990000000,4.440000000000000,7.170000000000000,"5,686",91.739999999999995,-1.010620000000000,"5,824.890402804873700","619,784.286610890650000"
80,Comely Bank,22.000000000000000,Comely Bank,8,72.510000000000005,164,2.260000000000000,114,1.570000000000000,18,26,0.160000000000000,7.267153548000000,5.269413038000000,20.286718960000002,14.709899920000000,7.500000000000000,10.340000000000000,"3,614",49.840000000000003,-0.214010000000000,"6,507.111122061364800","725,139.563677250870000"
81,Deans Village,33.000000000000000,Deans Village,8,149.389999999999990,404,2.700000000000000,32,0.210000000000000,45,31,0.080000000000000,7.310018407000000,10.920436499999999,19.077044440000002,28.499196690000002,17.930000000000000,12.000000000000000,"6,021",40.299999999999997,-0.956689000000000,"8,154.047532271793900","1,493,893.459749790800000"
82,Balgreen and Roseburn,3.000000000000000,Balgreen and Roseburn,1,143.060000000000000,456,3.190000000000000,54,0.380000000000000,27,27,0.060000000000000,1.993325104000000,2.851650894000000,9.728889497999999,13.918149319999999,0.460000000000000,0.320000000000000,"4,305",30.090000000000000,0.000000000000000,"6,349.925084987717100","1,430,635.102059033900000"
83,Murrayfield and Ravelston,72.000000000000000,Murrayfield and Ravelston,7,150.810000000000000,463,3.070000000000000,36,0.240000000000000,32,37,0.080000000000000,6.116340606000000,9.224053269000001,18.492170219999998,27.888041900000001,9.390000000000001,6.230000000000000,"4,215",27.949999999999999,1.322720000000000,"9,222.586949124481200","1,508,118.906401284500000"
84,"Craigleith, Orchard Brae and Crewe Toll",28.000000000000000,"Craigleith, Orchard Brae and Crewe Toll",2,126.840000000000000,327,2.580000000000000,4,0.030000000000000,41,32,0.100000000000000,1.448901722000000,1.837786944000000,8.781066309000000,11.137904510000000,2.390000000000000,1.890000000000000,"4,227",33.329999999999998,0.000000000000000,"8,456.957612634367300","1,268,390.614104080900000"
85,Blackhall,7.000000000000000,Blackhall,8,214.120000000000000,870,4.060000000000000,36,0.170000000000000,45,56,0.060000000000000,9.072026391000000,19.425022909999999,15.847027920000000,33.931656179999997,18.219999999999999,8.510000000000000,"5,674",26.500000000000000,-0.535688000000000,"11,336.932901429440000","2,141,187.023857202800000"
86,Drylaw,34.000000000000000,Drylaw,4,82.849999999999994,322,3.890000000000000,45,0.540000000000000,26,36,0.110000000000000,2.699928949000000,2.236891134000000,16.270624460000001,13.480212359999999,1.820000000000000,2.190000000000000,"4,618",55.740000000000002,-1.185986000000000,"4,586.924799879351700","828,546.067572678560000"
87,West Pilton,102.000000000000000,West Pilton,2,62.409999999999997,206,3.300000000000000,64,1.030000000000000,21,32,0.160000000000000,0.806367159000000,0.503253744000000,13.718714000000000,8.561849408000001,0.380000000000000,0.620000000000000,"4,623",74.069999999999993,0.000000000000000,"4,878.938181937240200","624,146.718369708050000"
88,Boswall and Pilton,10.000000000000000,Boswall and Pilton,3,82.049999999999997,262,3.190000000000000,74,0.900000000000000,31,32,0.120000000000000,1.361464968000000,1.117082006000000,11.441082800000000,9.387408439000000,1.980000000000000,2.420000000000000,"5,104",62.210000000000001,-0.000001000000000,"7,206.348294104685900","820,502.294790802410000"
89,Granton South and Wardieburn,46.000000000000000,Granton South and Wardieburn,2,33.920000000000002,75,2.210000000000000,25,0.740000000000000,18,24,0.320000000000000,0.269957578000000,0.091569610000000,12.090242959999999,4.101010413000000,0.000000000000000,0.000000000000000,"2,912",85.849999999999994,0.000000000000000,"3,076.579106202991600","339,185.959586438660000"
90,Granton and Royston Mains,45.000000000000000,Granton and Royston Mains,1,92.560000000000002,52,0.560000000000000,13,0.140000000000000,24,11,0.210000000000000,1.808510638000000,1.673957447000000,4.489361702000000,4.155353191000000,0.680000000000000,0.740000000000000,"3,364",36.350000000000001,-12.154353000000000,"10,894.505349421108000","925,564.116514667170000"
91,Granton West and Salvesen,47.000000000000000,Granton West and Salvesen,8,219.330000000000010,301,1.370000000000000,55,0.250000000000000,40,40,0.130000000000000,11.209316210000001,24.585393249999999,11.254105700000000,24.683630040000001,14.260000000000000,6.500000000000000,"3,788",17.270000000000000,0.000000000000000,"8,761.983300287061900","2,193,299.099392182200000"
92,Muirhouse,70.000000000000000,Muirhouse,2,75.609999999999999,378,5.000000000000000,198,2.620000000000000,19,50,0.130000000000000,0.908068840000000,0.686590850000000,8.215860936000000,6.212012454000000,0.000000000000000,0.000000000000000,"4,814",63.670000000000002,-0.000001000000000,"3,975.752822589296600","756,122.128447203310000"
93,Siverknowes and Davidson's Mains,89.000000000000000,Siverknowes and Davidson's Mains,9,298.490000000000010,"1,756",5.880000000000000,130,0.440000000000000,48,64,0.040000000000000,13.871413230000000,41.404781340000000,14.208991870000000,42.412419829999997,37.409999999999997,12.529999999999999,"4,288",14.369999999999999,0.000000000000000,"9,717.395810263045900","2,984,906.595714006100000"
94,Cramond,31.000000000000000,Cramond,10,111.870000000000000,313,2.800000000000000,10,0.090000000000000,49,40,0.130000000000000,13.573017920000000,15.184135140000000,22.713432489999999,25.409516920000002,16.980000000000000,15.180000000000000,"2,492",22.280000000000001,1.016681000000000,"8,415.158576203715700","1,118,735.981800500300000"
95,"Barnton, Cammo and Cramond South",4.000000000000000,"Barnton, Cammo and Cramond South",9,161.090000000000000,196,1.220000000000000,20,0.120000000000000,44,24,0.120000000000000,10.176308089999999,16.393014709999999,17.927364319999999,28.879191179999999,22.100000000000001,13.720000000000001,"3,770",23.399999999999999,0.571088000000000,"8,923.286953543034500","1,610,926.398658691700000"
96,Clermiston and Drumbrae,18.000000000000000,Clermiston and Drumbrae,9,135.139999999999990,"1,131",8.369999999999999,40,0.300000000000000,40,49,0.040000000000000,12.727536790000000,17.199993220000000,11.052478700000000,14.936319709999999,23.579999999999998,17.449999999999999,"5,971",44.180000000000000,-1.471439000000000,"6,422.589707708579200","1,351,406.457951810900000"
97,East Craigs North,36.000000000000000,East Craigs North,6,70.390000000000001,229,3.250000000000000,30,0.430000000000000,24,36,0.160000000000000,4.919557333000000,3.462876407000000,17.455593790000002,12.286992469999999,4.620000000000000,6.570000000000000,"4,106",58.329999999999998,-0.000001000000000,"4,787.891071832846100","703,871.933300487230000"
98,East Craigs South,37.000000000000000,East Craigs South,1,120.120000000000000,195,1.620000000000000,36,0.300000000000000,25,32,0.160000000000000,1.492456016000000,1.792738167000000,8.001525138000000,9.611431995000000,1.660000000000000,1.390000000000000,"4,887",40.689999999999998,-0.532594000000000,"6,444.269846091906400","1,201,174.032262199100000"
99,Corstorphine North,25.000000000000000,Corstorphine North,10,108.950000000000000,"1,193",10.949999999999999,18,0.170000000000000,42,57,0.050000000000000,15.179321099999999,16.537870340000001,15.413218179999999,16.792701210000001,19.309999999999999,17.719999999999999,"3,130",28.730000000000000,-0.220439000000000,"7,207.602709324673900","1,089,519.928805223900000"
100,Corstorphine,24.000000000000000,Corstorphine,10,223.960000000000010,"1,103",4.920000000000000,6,0.030000000000000,52,48,0.040000000000000,19.496230499999999,43.663757820000001,13.955934780000000,31.255711529999999,45.090000000000003,20.129999999999999,"5,372",23.989999999999998,-0.962708000000000,"12,590.082059462373000","2,239,609.957959168600000"
101,Carrick Knowe,17.000000000000000,Carrick Knowe,3,47.469999999999999,337,7.100000000000000,44,0.930000000000000,30,29,0.090000000000000,3.205392764000000,1.521599945000000,12.628972350000000,5.994973174000000,0.070000000000000,0.140000000000000,"2,762",58.180000000000000,0.000000000000000,"4,376.641950640550000","474,733.205804427620000"
102,Corstorphine South,26.000000000000000,Corstorphine South,1,82.340000000000003,250,3.040000000000000,110,1.340000000000000,19,28,0.110000000000000,0.333942912000000,0.274968593000000,7.259282818000000,5.977293472000000,0.000000000000000,0.000000000000000,"4,146",50.350000000000001,0.000000000000000,"5,367.780454798142300","823,425.126359191370000"
103,South Gyle,91.000000000000000,South Gyle,1,352.079999999999980,745,2.120000000000000,73,0.210000000000000,22,36,0.050000000000000,0.875051639000000,3.080881812000000,6.643632403000000,23.390900970000001,3.310000000000000,0.940000000000000,"4,767",13.539999999999999,-0.350124000000000,"10,625.796320624580000","3,487,034.626910841100000"
104,Marchmont West,61.000000000000000,Marchmont West,3,30.719999999999999,260,8.460000000000001,71,2.310000000000000,29,37,0.140000000000000,0.106496273000000,0.032715655000000,19.978700750000002,6.137456869000000,0.000000000000000,0.000000000000000,"5,144",167.460000000000010,0.000000000000000,"2,714.301626470094100","307,168.973689846580000"